<?xml version="1.0" encoding="UTF-8"?>
<Module name="top" T_Register="475(0)" T_Alu="124(0)" T_Lut="2281(0)" T_MULT18X18="1(0)" T_Ssram="520(0)">
    <SubModule name="CPU" T_Register="302(0)" T_Alu="85(0)" T_Lut="1000(0)" T_MULT18X18="1(0)" T_Ssram="8(0)">
        <SubModule name="CLINT" Register="72" Lut="191" T_Register="72(72)" T_Lut="191(191)"/>
        <SubModule name="CSR" Register="128" Alu="31" Lut="64" T_Register="128(128)" T_Alu="31(31)" T_Lut="64(64)"/>
        <SubModule name="IF" Register="16" Lut="62" T_Register="16(16)" T_Lut="62(62)"/>
        <SubModule name="IF_ID" Lut="1" T_Register="16(0)" T_Lut="4(1)">
            <SubModule name="data_reg" Register="16" Lut="3" T_Register="16(16)" T_Lut="3(3)"/>
        </SubModule>
        <SubModule name="ID" Lut="26" T_Lut="26(26)"/>
        <SubModule name="Reg" Register="14" Alu="6" Lut="134" Ssram="8" T_Register="14(14)" T_Alu="6(6)" T_Lut="134(134)" T_Ssram="8(8)"/>
        <SubModule name="ID_EX" T_Register="56(0)">
            <SubModule name="rd_reg" Register="3" T_Register="3(3)"/>
            <SubModule name="RD_reg" Register="16" T_Register="16(16)"/>
            <SubModule name="RS_reg" Register="16" T_Register="16(16)"/>
            <SubModule name="IMM_reg" Register="8" T_Register="8(8)"/>
            <SubModule name="CSRwr_reg" Register="1" T_Register="1(1)"/>
            <SubModule name="JUMPop_reg" Register="2" T_Register="2(2)"/>
            <SubModule name="IMMop_reg" Register="1" T_Register="1(1)"/>
            <SubModule name="ALUop_reg" Register="3" T_Register="3(3)"/>
            <SubModule name="CMPop_reg" Register="2" T_Register="2(2)"/>
            <SubModule name="RegWe_reg" Register="1" T_Register="1(1)"/>
            <SubModule name="RWSel_reg" Register="1" T_Register="1(1)"/>
            <SubModule name="ABSel_reg" Register="1" T_Register="1(1)"/>
            <SubModule name="memctrl_reg" Register="1" T_Register="1(1)"/>
        </SubModule>
        <SubModule name="EX" Alu="16" Lut="33" T_Alu="48(16)" T_Lut="308(33)" T_MULT18X18="1(0)">
            <SubModule name="ALU" Alu="16" Lut="275" MULT18X18="1" T_Alu="16(16)" T_Lut="275(275)" T_MULT18X18="1(1)"/>
            <SubModule name="CMP" Alu="16" T_Alu="16(16)"/>
        </SubModule>
        <SubModule name="WB" Lut="211" T_Lut="211(211)"/>
    </SubModule>
    <SubModule name="BUS" T_Register="173(0)" T_Alu="39(0)" T_Lut="1281(0)" T_Ssram="512(0)">
        <SubModule name="ROM" Register="25" Alu="15" Lut="88" T_Register="25(25)" T_Alu="15(15)" T_Lut="616(88)" T_Ssram="256(0)">
            <SubModule name="inst_mem" Lut="528" Ssram="256" T_Lut="528(528)" T_Ssram="256(256)"/>
        </SubModule>
        <SubModule name="RAM" T_Lut="512(0)" T_Ssram="256(0)">
            <SubModule name="data_mem" Lut="512" Ssram="256" T_Lut="512(512)" T_Ssram="256(256)"/>
        </SubModule>
        <SubModule name="LED" Lut="2" T_Register="4(0)" T_Lut="6(2)">
            <SubModule name="input_buf" Register="4" T_Register="4(4)"/>
            <SubModule name="LED_InCtrl" Lut="4" T_Lut="4(4)"/>
        </SubModule>
        <SubModule name="Buttom" T_Register="4(0)">
            <SubModule name="output_buf" Register="4" T_Register="4(4)"/>
        </SubModule>
        <SubModule name="Switch" T_Register="4(0)">
            <SubModule name="output_buf" Register="4" T_Register="4(4)"/>
        </SubModule>
        <SubModule name="UART" T_Register="72(0)" T_Alu="24(0)" T_Lut="59(0)">
            <SubModule name="tx" Register="24" Alu="9" Lut="27" T_Register="24(24)" T_Alu="9(9)" T_Lut="27(27)"/>
            <SubModule name="output_buf" Register="8" T_Register="8(8)"/>
            <SubModule name="rx" Register="40" Alu="15" Lut="32" T_Register="40(40)" T_Alu="15(15)" T_Lut="32(32)"/>
        </SubModule>
        <SubModule name="Timer" Lut="28" T_Register="64(0)" T_Lut="88(28)">
            <SubModule name="Buffer_Shift" Register="32" T_Register="32(32)"/>
            <SubModule name="Counter" Register="32" Lut="60" T_Register="32(32)" T_Lut="60(60)"/>
        </SubModule>
    </SubModule>
</Module>
