<?xml version="1.0" encoding="UTF-8"?>
<Module name="top" T_Register="184(0)" T_Alu="46(0)" T_Lut="1681(0)" T_MULT18X18="1(0)" T_Bsram="1(0)" T_Ssram="8(0)" T_ROM16="1024(0)">
    <SubModule name="CPU" T_Register="101(0)" T_Alu="46(0)" T_Lut="554(0)" T_MULT18X18="1(0)" T_Ssram="8(0)">
        <SubModule name="CLINT" Register="5" Lut="14" T_Register="5(5)" T_Lut="14(14)"/>
        <SubModule name="CSR" Register="1" Lut="2" T_Register="1(1)" T_Lut="2(2)"/>
        <SubModule name="IF" Register="10" Lut="53" T_Register="10(10)" T_Lut="53(53)"/>
        <SubModule name="IF_ID" Register="16" Lut="16" T_Register="16(16)" T_Lut="16(16)"/>
        <SubModule name="Reg" Register="13" Alu="4" Lut="24" Ssram="8" T_Register="13(13)" T_Alu="4(4)" T_Lut="24(24)" T_Ssram="8(8)"/>
        <SubModule name="ID_EX" Register="56" Lut="105" T_Register="56(56)" T_Lut="105(105)"/>
        <SubModule name="EX" Alu="10" Lut="32" T_Alu="42(10)" T_Lut="216(32)" T_MULT18X18="1(0)">
            <SubModule name="ALU" Alu="16" Lut="184" MULT18X18="1" T_Alu="16(16)" T_Lut="184(184)" T_MULT18X18="1(1)"/>
            <SubModule name="CMP" Alu="16" T_Alu="16(16)"/>
        </SubModule>
        <SubModule name="WB" Lut="124" T_Lut="124(124)"/>
    </SubModule>
    <SubModule name="BUS" T_Register="83(0)" T_Lut="1127(0)" T_Bsram="1(0)" T_ROM16="1024(0)">
        <SubModule name="inst_mem" Lut="1008" ROM16="1024" T_Lut="1008(1008)" T_ROM16="1024(1024)"/>
        <SubModule name="RAM" Lut="4" T_Lut="4(4)" T_Bsram="1(0)">
            <SubModule name="data_mem" Bsram="1" T_Bsram="1(1)"/>
        </SubModule>
        <SubModule name="LED" Lut="2" T_Register="4(0)" T_Lut="6(2)">
            <SubModule name="input_buf" Register="4" T_Register="4(4)"/>
            <SubModule name="LED_InCtrl" Lut="4" T_Lut="4(4)"/>
        </SubModule>
        <SubModule name="Buttom" T_Register="4(0)">
            <SubModule name="output_buf" Register="4" T_Register="4(4)"/>
        </SubModule>
        <SubModule name="Switch" T_Register="4(0)">
            <SubModule name="output_buf" Register="4" T_Register="4(4)"/>
        </SubModule>
        <SubModule name="UART" Lut="1" T_Register="71(0)" T_Lut="93(1)">
            <SubModule name="input_buf" Register="8" T_Register="8(8)"/>
            <SubModule name="u_uart_send" Register="24" Lut="42" T_Register="24(24)" T_Lut="42(42)"/>
            <SubModule name="output_buf" Register="8" T_Register="8(8)"/>
            <SubModule name="u_uart_recv" Register="31" Lut="50" T_Register="31(31)" T_Lut="50(50)"/>
        </SubModule>
        <SubModule name="Timer" Lut="16" T_Lut="16(16)"/>
    </SubModule>
</Module>
